ProductId,Category,Name,Description,Price,Color,ImageUrl,Size,CategoryId
1,BAGS,FABRIC BELT BAG,Fabric belt bag. Adjustable strap. Front zip pocket. Zip closure.,28.49,beige,"['C:\\DatasetLicenta\\women_images\\FABRIC BELT BAG_img_0.jpg', 'C:\\DatasetLicenta\\women_images\\FABRIC BELT BAG_img_1.jpg']",One Size,1
2,BAGS,FABRIC CROSSBODY BAG,Fabric crossbody bag. Adjustable fabric crossbody strap. Zip closure.,31.79,beige,"['C:\\DatasetLicenta\\women_images\\FABRIC CROSSBODY BAG_img_0.jpg', 'C:\\DatasetLicenta\\women_images\\FABRIC CROSSBODY BAG_img_1.jpg']",One Size,1
3,BAGS,CROSSBODY PURSE,Crossbody bag that converts into a clutch. Interior with several compartments. Detachable chain shoulder strap. Golden metal hardware. Zip closure.,25.19,white,"['C:\\DatasetLicenta\\women_images\\CROSSBODY PURSE_img_0.jpg', 'C:\\DatasetLicenta\\women_images\\CROSSBODY PURSE_img_1.jpg']",One Size,1
4,BAGS,CROSSBODY BAG,Crossbody bag with adjustable strap. Lining. Zip closure.,31.79,black,"['C:\\DatasetLicenta\\women_images\\CROSSBODY BAG_img_0.jpg', 'C:\\DatasetLicenta\\women_images\\CROSSBODY BAG_img_1.jpg']",One Size,1
5,BAGS,CROCHET BUCKET BAG WITH FRINGING,Crochet bucket bag with fringing on the sides. Shoulder strap. Magnetic clasp closure. ,54.89,black,"['C:\\DatasetLicenta\\women_images\\CROCHET BUCKET BAG WITH FRINGING_img_0.jpg', 'C:\\DatasetLicenta\\women_images\\CROCHET BUCKET BAG WITH FRINGING_img_1.jpg']",One Size,1
6,BAGS,FAUX PEARL SHOULDER BAG,Shoulder bag with faux pearl exterior. Shoulder strap and detachable crossbody strap. Lined interior. Magnetic clasp closure.,36.19,white,"['C:\\DatasetLicenta\\women_images\\FAUX PEARL SHOULDER BAG_img_0.jpg', 'C:\\DatasetLicenta\\women_images\\FAUX PEARL SHOULDER BAG_img_1.jpg']",One Size,1
7,BAGS,PATCHWORK SHOULDER BAG,Shoulder bag in patchwork-effect fabric. Front and side flap pockets. Shoulder straps. Zip closure.,54.89,khaki,"['C:\\DatasetLicenta\\women_images\\PATCHWORK SHOULDER BAG_img_0.jpg', 'C:\\DatasetLicenta\\women_images\\PATCHWORK SHOULDER BAG_img_1.jpg']",One Size,1
8,BAGS,PATCHWORK BELT BAG WITH POCKETS,Belt bag in denim fabric. Patchwork-effect pockets in different sizes. Adjustable strap. ,31.79,blue,"['C:\\DatasetLicenta\\women_images\\PATCHWORK BELT BAG WITH POCKETS_img_0.jpg', 'C:\\DatasetLicenta\\women_images\\PATCHWORK BELT BAG WITH POCKETS_img_1.jpg']",One Size,1
9,BAGS,METALLIC FABRIC TOTE BAG,Metallic-effect tote bag. Shoulder straps. Zip closure. ,65.89,gold,"['C:\\DatasetLicenta\\women_images\\METALLIC FABRIC TOTE BAG_img_0.jpg', 'C:\\DatasetLicenta\\women_images\\METALLIC FABRIC TOTE BAG_img_1.jpg']",One Size,1
10,BAGS,METALLIC FABRIC TOTE BAG,Metallic-effect tote bag. Handles and shoulder straps. Magnetic clasp closure. ,36.19,silver,"['C:\\DatasetLicenta\\women_images\\METALLIC FABRIC TOTE BAG_img_0.jpg', 'C:\\DatasetLicenta\\women_images\\METALLIC FABRIC TOTE BAG_img_1.jpg']",One Size,1
11,BAGS,METALLIC MINAUDIÃˆRE,Oval minaudiÃ¨re. Brushed metallic effect. Chain crossbody strap. Metal clasp closure.,43.89,silver,"['C:\\DatasetLicenta\\women_images\\METALLIC MINAUDIÃˆRE_img_0.jpg', 'C:\\DatasetLicenta\\women_images\\METALLIC MINAUDIÃˆRE_img_1.jpg']",One Size,1
12,BAGS,CROSSBODY BUCKET BAG,Bucket bag. Handle and detachable and adjustable crossbody strap. Inner fabric bag with gathered closure.,31.79,brown,"['C:\\DatasetLicenta\\women_images\\CROSSBODY BUCKET BAG_img_0.jpg', 'C:\\DatasetLicenta\\women_images\\CROSSBODY BUCKET BAG_img_1.jpg']",One Size,1
13,BLAZERS,TAILORED DOUBLE-BREASTED BLAZER,Blazer featuring a lapel collar with long sleeves and padded shoulders. Front flap pockets. Double-breasted button fastening on the front.,61.49,black,"['C:\\DatasetLicenta\\women_images\\TAILORED DOUBLE-BREASTED BLAZER_img_0.jpg', 'C:\\DatasetLicenta\\women_images\\TAILORED DOUBLE-BREASTED BLAZER_img_1.jpg']","XS, S, M, L",2
14,BLAZERS,STRIPE TEXTURED BLAZER,Lapelless blazer with long sleeves and shoulder pads. Front patch pockets. Metal hook fastening at the front.,65.89,gray,"['C:\\DatasetLicenta\\women_images\\STRIPE TEXTURED BLAZER_img_0.jpg', 'C:\\DatasetLicenta\\women_images\\STRIPE TEXTURED BLAZER_img_1.jpg']","XS, S, M, L",2
15,BLAZERS,TAILORED WAISTCOAT,Sleeveless waistcoat with a V-neck. Front jetted pockets on the front. Button-up front.,32.89,black,"['C:\\DatasetLicenta\\women_images\\TAILORED WAISTCOAT_img_0.jpg', 'C:\\DatasetLicenta\\women_images\\TAILORED WAISTCOAT_img_1.jpg']","XS, S, M, L",2
16,BLAZERS,BLAZER WITH ROLLED-UP SLEEVES,Open blazer with a lapel collar and padded shoulders. Turn-up sleeves falling below the elbow with sleeve tabs and a golden button. Front flap pockets.,49.39,black,"['C:\\DatasetLicenta\\women_images\\BLAZER WITH ROLLED-UP SLEEVES_img_0.jpg', 'C:\\DatasetLicenta\\women_images\\BLAZER WITH ROLLED-UP SLEEVES_img_1.jpg']","XS, S, M, L",2
17,BLAZERS,HIGH NECK TEXTURED BLAZER,Blazer featuring a high neck and long sleeves with padded shoulders. False flap pockets and front patch pockets. Front hook fastening.,65.89,white,"['C:\\DatasetLicenta\\women_images\\HIGH NECK TEXTURED BLAZER_img_0.jpg', 'C:\\DatasetLicenta\\women_images\\HIGH NECK TEXTURED BLAZER_img_1.jpg']","XS, S, M, L",2
18,BLAZERS,SHORT TAILORED WAISTCOAT,V-neck waistcoat. Featuring false welt pockets and button fastening on the front.,32.89,brown,"['C:\\DatasetLicenta\\women_images\\SHORT TAILORED WAISTCOAT_img_0.jpg', 'C:\\DatasetLicenta\\women_images\\SHORT TAILORED WAISTCOAT_img_1.jpg']","XS, S, M, L",2
19,BLAZERS,FITTED BLAZER WITH SEAMS,Blazer with a lapel collar and long sleeves with shoulder pads. Front flap pockets. Visible seam detail on the waist. Fastens at the front with buttons.,65.89,dark blue,"['C:\\DatasetLicenta\\women_images\\FITTED BLAZER WITH SEAMS_img_0.jpg', 'C:\\DatasetLicenta\\women_images\\FITTED BLAZER WITH SEAMS_img_1.jpg']","XS, S, M, L",2
20,BLAZERS,LONG BLAZER WITH BELT,"Blazer with a lapel collar, long sleeves and shoulder pads. Front flap pockets. Belt with buckle lined in matching fabric. Contrast lining. Double-breasted fastening with covered buttons.",83.49, blue,"['C:\\DatasetLicenta\\women_images\\LONG BLAZER WITH BELT_img_0.jpg', 'C:\\DatasetLicenta\\women_images\\LONG BLAZER WITH BELT_img_1.jpg']","XS, S, M, L",2
21,BLAZERS,CROPPED BLAZER WITH FEATHERS,Cropped blazer featuring a lapel collar and long sleeves with matching detachable feathers. False welt pockets on the front. Matching lining. Front button fastening.,131.89,pink,['C:\\DatasetLicenta\\women_images\\CROPPED BLAZER WITH FEATHERS_img_0.jpg'],"XS, S, M, L",2
22,BLAZERS,CAPE BLAZER,"Open blazer with no lapels, long cape-style sleeves and matching lining.",65.89,white,"['C:\\DatasetLicenta\\women_images\\CAPE BLAZER_img_0.jpg', 'C:\\DatasetLicenta\\women_images\\CAPE BLAZER_img_1.jpg']","XS, S, M, L",2
23,BLAZERS,TAILORED WAISTCOAT,Fitted V-neck waistcoat with front button fastening.,32.89,beige,"['C:\\DatasetLicenta\\women_images\\TAILORED WAISTCOAT_img_0.jpg', 'C:\\DatasetLicenta\\women_images\\TAILORED WAISTCOAT_img_1.jpg']","XS, S, M, L",2
24,BLAZERS,TAILORED WAISTCOAT,V-neck waistcoat. Featuring false jetted pockets and button fastening on the front.,36.19,white,"['C:\\DatasetLicenta\\women_images\\TAILORED WAISTCOAT_img_0.jpg', 'C:\\DatasetLicenta\\women_images\\TAILORED WAISTCOAT_img_1.jpg']","XS, S, M, L",2
25,BLAZERS,CROPPED BLAZER WITH POCKET,Cropped blazer with a lapel collar and long sleeves with vents and buttons. Buttoned welt pocket on the chest. Matching lining.,54.89,black,"['C:\\DatasetLicenta\\women_images\\CROPPED BLAZER WITH POCKET_img_0.jpg', 'C:\\DatasetLicenta\\women_images\\CROPPED BLAZER WITH POCKET_img_1.jpg']","XS, S, M, L",2
26,BLAZERS,SATIN LAPEL COLLAR BLAZER,Satin blazer with a lapel collar and long sleeves with padded shoulders. Button fastening on the front.,54.89,black,"['C:\\DatasetLicenta\\women_images\\SATIN LAPEL COLLAR BLAZER_img_0.jpg', 'C:\\DatasetLicenta\\women_images\\SATIN LAPEL COLLAR BLAZER_img_1.jpg']","XS, S, M, L",2
27,DRESSES_JUMPSUITS,PRINTED PLEATED JUMPSUIT,Playsuit with a surplice neckline and long sleeves. Elasticated waist. Lining at the bottom. Fastening with buttoned opening at the back.,54.89,blue,"['C:\\DatasetLicenta\\women_images\\PRINTED PLEATED JUMPSUIT_img_0.jpg', 'C:\\DatasetLicenta\\women_images\\PRINTED PLEATED JUMPSUIT_img_1.jpg']","XS, S, M, L",3
28,DRESSES_JUMPSUITS,PLAYSUIT WITH CUT-OUT DETAIL,Sleeveless playsuit with a round neck. Pleated detail on the front and an opening at the waist. Invisible back zip fastening and openings with metal buttons. Split hem at the side and gathered detail.,43.89,dark blue,"['C:\\DatasetLicenta\\women_images\\PLAYSUIT WITH CUT-OUT DETAIL_img_0.jpg', 'C:\\DatasetLicenta\\women_images\\PLAYSUIT WITH CUT-OUT DETAIL_img_1.jpg']","XS, S, M, L",3
29,DRESSES_JUMPSUITS,POLYAMIDE MIDI DRESS,Midi dress made of polyamide and elastane blend. Round neck and drop sleeves.,25.19,brown,"['C:\\DatasetLicenta\\women_images\\POLYAMIDE MIDI DRESS_img_0.jpg', 'C:\\DatasetLicenta\\women_images\\POLYAMIDE MIDI DRESS_img_1.jpg']","XS, S, M, L",3
30,DRESSES_JUMPSUITS,FITTED ASYMMETRIC DRESS WITH CUT-OUT DETAIL,Dress made of a polyamide and elastane blend. Asymmetric neckline and thin elastic straps. Gathered detail and cut-out detail at the waist.,28.49,white,"['C:\\DatasetLicenta\\women_images\\FITTED ASYMMETRIC DRESS WITH CUT-OUT DETAIL_img_0.jpg', 'C:\\DatasetLicenta\\women_images\\FITTED ASYMMETRIC DRESS WITH CUT-OUT DETAIL_img_1.jpg']","XS, S, M, L",3
31,DRESSES_JUMPSUITS,METALLIC STRAPLESS DRESS,Off-the-shoulder midi dress with a straight-cut neckline. Metallic fabric. Gathered details. Back slit at the hem. Invisible side zip fastening.,43.89,silver,"['C:\\DatasetLicenta\\women_images\\METALLIC STRAPLESS DRESS_img_0.jpg', 'C:\\DatasetLicenta\\women_images\\METALLIC STRAPLESS DRESS_img_1.jpg']","XS, S, M, L",3
32,DRESSES_JUMPSUITS,FOIL SLIP DRESS,Midi dress made of metallic-effect fabric. Draped neckline and thin straps. Open back. Invisible zip fastening.,43.89,black,"['C:\\DatasetLicenta\\women_images\\FOIL SLIP DRESS_img_0.jpg', 'C:\\DatasetLicenta\\women_images\\FOIL SLIP DRESS_img_1.jpg']","XS, S, M, L",3
33,DRESSES_JUMPSUITS,FOIL SLIP DRESS,"Long dress made of metallic-effect fabric. Featuring a V-neckline, thin straps and an open back.",43.89,silver,"['C:\\DatasetLicenta\\women_images\\FOIL SLIP DRESS_img_0.jpg', 'C:\\DatasetLicenta\\women_images\\FOIL SLIP DRESS_img_1.jpg']","XS, S, M, L",3
34,DRESSES_JUMPSUITS,COMBINED NYLON JUMPSUIT,V-neck jumpsuit with thin adjustable straps. Side pockets and false rear welt pockets. Matching fabric. Invisible back zip and metal hook fastening at the front.,43.89,black,"['C:\\DatasetLicenta\\women_images\\COMBINED NYLON JUMPSUIT_img_0.jpg', 'C:\\DatasetLicenta\\women_images\\COMBINED NYLON JUMPSUIT_img_1.jpg']","XS, S, M, L",3
35,DRESSES_JUMPSUITS,SATIN DRESS,Satin dress with a V-neckline and thin straps. Featuring an open back with a matching fabric strap.,36.19,cr�me,"['C:\\DatasetLicenta\\women_images\\SATIN DRESS_img_0.jpg', 'C:\\DatasetLicenta\\women_images\\SATIN DRESS_img_1.jpg']","XS, S, M, L",3
36,DRESSES_JUMPSUITS,FAUX LEATHER STRAPLESS DRESS,Short dress with a straight-cut neckline and exposed shoulders. Draped fabric on the side with metal links on the hem. Invisible back zip fastening.,36.19,black,"['C:\\DatasetLicenta\\women_images\\FAUX LEATHER STRAPLESS DRESS_img_0.jpg', 'C:\\DatasetLicenta\\women_images\\FAUX LEATHER STRAPLESS DRESS_img_1.jpg']","XS, S, M, L",3
37,DRESSES_JUMPSUITS,OPEN CABLE-KNIT DRESS,Long felt texture dress. Round neck and long sleeves. Perforated fabric detail. A-line hem with side slit. This garment is not lined.,43.89,brown,"['C:\\DatasetLicenta\\women_images\\OPEN CABLE-KNIT DRESS_img_0.jpg', 'C:\\DatasetLicenta\\women_images\\OPEN CABLE-KNIT DRESS_img_1.jpg']","XS, S, M, L",3
38,DRESSES_JUMPSUITS,JUMPSUIT WITH CROSSOVER BACK,V-neck jumpsuit with thin straps that cross at the back. Lining. Wide-leg design. Invisible back zip fastening.,54.89,burgundy,"['C:\\DatasetLicenta\\women_images\\JUMPSUIT WITH CROSSOVER BACK_img_0.jpg', 'C:\\DatasetLicenta\\women_images\\JUMPSUIT WITH CROSSOVER BACK_img_1.jpg']","XS, S, M, L",3
39,DRESSES_JUMPSUITS,CUT-OUT JUMPSUIT,Flowing jumpsuit with a V-neckline and full short sleeves. Pleat details and openings at the waist. Invisible back zip fastening.,43.89,burgundy,"['C:\\DatasetLicenta\\women_images\\CUT-OUT JUMPSUIT_img_0.jpg', 'C:\\DatasetLicenta\\women_images\\CUT-OUT JUMPSUIT_img_1.jpg']","XS, S, M, L",3
40,DRESSES_JUMPSUITS,SATIN CAMISOLE DRESS,Midi dress with a draped neckline and thin straps. Gathered detail on the side. Invisible zip fastening.,43.89,pink,"['C:\\DatasetLicenta\\women_images\\SATIN CAMISOLE DRESS_img_0.jpg', 'C:\\DatasetLicenta\\women_images\\SATIN CAMISOLE DRESS_img_1.jpg']","XS, S, M, L",3
41,DRESSES_JUMPSUITS,SATIN DRESS WITH FEATHERS,Fitted midi dress made of viscose. Strapless with matching feather appliquÃ©s. Invisible zip fastening.,131.89,green,"['C:\\DatasetLicenta\\women_images\\SATIN DRESS WITH FEATHERS_img_0.jpg', 'C:\\DatasetLicenta\\women_images\\SATIN DRESS WITH FEATHERS_img_1.jpg']","XS, S, M, L",3
42,DRESSES_JUMPSUITS,DENIM TRF MIDI DRESS,Midi dress with a V-neckline and adjustable thin straps.,43.89,blue,"['C:\\DatasetLicenta\\women_images\\DENIM TRF MIDI DRESS_img_0.jpg', 'C:\\DatasetLicenta\\women_images\\DENIM TRF MIDI DRESS_img_1.jpg']","XS, S, M, L",3
43,JACKETS,PADDED JACKET WITH POCKETS,"Padded jacket with a high neck and long sleeves, Front patch pockets. Adjustable hem with matching drawstrings. Front zip fastening.",83.49,dark blue,"['C:\\DatasetLicenta\\women_images\\PADDED JACKET WITH POCKETS_img_0.jpg', 'C:\\DatasetLicenta\\women_images\\PADDED JACKET WITH POCKETS_img_1.jpg']","XS, S, M, L",4
44,JACKETS,WOOL BOMBER JACKET WITH ZIP,Bomber jacket made of 100% wool. Featuring a V-neckline and long sleeves. Front pockets. Ribbed trims. Metal zip fastening at the front.,83.49,brown,"['C:\\DatasetLicenta\\women_images\\WOOL BOMBER JACKET WITH ZIP_img_0.jpg', 'C:\\DatasetLicenta\\women_images\\WOOL BOMBER JACKET WITH ZIP_img_1.jpg']","XS, S, M, L",4
45,JACKETS,SATIN KIMONO,"Kimono made of satin fabric. Featuring a crossover V-neckline, long sleeves with vents and crossover fastening with tied detail in the same fabric",36.19,white,"['C:\\DatasetLicenta\\women_images\\SATIN KIMONO_img_0.jpg', 'C:\\DatasetLicenta\\women_images\\SATIN KIMONO_img_1.jpg']","XS, S, M, L",4
46,JACKETS,TRANSPARENT CROPPED JACKET,"Transparent collared water-repellent jacket. Featuring long sleeves with tabs on the shoulders. Front pockets with zips, a belt in the same material with a rubberised buckle and crossover zip fastening at the front.",54.89,black,"['C:\\DatasetLicenta\\women_images\\TRANSPARENT CROPPED JACKET_img_0.jpg', 'C:\\DatasetLicenta\\women_images\\TRANSPARENT CROPPED JACKET_img_1.jpg']","XS, S, M, L",4
47,JACKETS,SATIN FOIL BOMBER JACKET,Bomber jacket made of metallic satin fabric. Round neck and long sleeves with elastic cuffs. Front welt pockets. Elastic hem. Contrast lining. Front fastening with metal zip.,54.89,gray,"['C:\\DatasetLicenta\\women_images\\SATIN FOIL BOMBER JACKET_img_0.jpg', 'C:\\DatasetLicenta\\women_images\\SATIN FOIL BOMBER JACKET_img_1.jpg']","XS, S, M, L",4
48,JACKETS,WORN EFFECT LEATHER EFFECT BIKER JACKET,Distressed effect jacket with a lapel collar and long sleeves. Zip details on the front and shoulder tabs. Wrap front with zip fastening.,65.89,gray,"['C:\\DatasetLicenta\\women_images\\WORN EFFECT LEATHER EFFECT BIKER JACKET_img_0.jpg', 'C:\\DatasetLicenta\\women_images\\WORN EFFECT LEATHER EFFECT BIKER JACKET_img_1.jpg']","XS, S, M, L",4
49,JACKETS,OVERSIZE TRENCH COAT WITH POCKETS,Collared trench coat made of a cotton blend. Featuring long flared sleeves. Front patch pockets. Back vent at the hem. Button-up front.,83.49,beige,"['C:\\DatasetLicenta\\women_images\\OVERSIZE TRENCH COAT WITH POCKETS_img_0.jpg', 'C:\\DatasetLicenta\\women_images\\OVERSIZE TRENCH COAT WITH POCKETS_img_1.jpg']","XS, S, M, L",4
50,JACKETS,FAUX SUEDE TRENCH COAT,Trench coat made of faux suede fabric. Lapel collar and long sleeves with tabs on the cuffs and shoulders. Side pockets. Belt in the same fabric with a contrast buckle. Double-breasted button fastening at the front.,54.89,beige,"['C:\\DatasetLicenta\\women_images\\FAUX SUEDE TRENCH COAT_img_0.jpg', 'C:\\DatasetLicenta\\women_images\\FAUX SUEDE TRENCH COAT_img_1.jpg']","XS, S, M, L",4
51,JACKETS,SOFT SHORT JACKET,Long sleeve collared jacket. Front patch pockets with flaps and snap-button fastening at the front.,36.19,beige,"['C:\\DatasetLicenta\\women_images\\SOFT SHORT JACKET_img_0.jpg', 'C:\\DatasetLicenta\\women_images\\SOFT SHORT JACKET_img_1.jpg']","XS, S, M, L",4
52,JACKETS,RUSTIC BOMBER JACKET,"Bomber jacket made of a cotton blend. Featuring a round neckline, long sleeves and cutwork fabric. Matching ribbed trims and metal zip fastening at the front.",54.89,cr�me,"['C:\\DatasetLicenta\\women_images\\RUSTIC BOMBER JACKET_img_0.jpg', 'C:\\DatasetLicenta\\women_images\\RUSTIC BOMBER JACKET_img_1.jpg']","XS, S, M, L",4
53,JACKETS,LINEN BLEND PLEATED BOMBER JACKET,Short collared bomber jacket made of a linen blend. Long sleeves. Front welt pockets. Elastic hem with pleats. Matching lining. Zip-up front hidden by a placket.,65.89,gray,"['C:\\DatasetLicenta\\women_images\\LINEN BLEND PLEATED BOMBER JACKET_img_0.jpg', 'C:\\DatasetLicenta\\women_images\\LINEN BLEND PLEATED BOMBER JACKET_img_1.jpg']","XS, S, M, L",4
54,JACKETS,WORN EFFECT LEATHER EFFECT BOMBER JACKET,Worn effect bomber jacket with a round neckline and long cuffed sleeves. Front welt pockets. Front fastening with metal zip.,65.89,gray,"['C:\\DatasetLicenta\\women_images\\WORN EFFECT LEATHER EFFECT BOMBER JACKET_img_0.jpg', 'C:\\DatasetLicenta\\women_images\\WORN EFFECT LEATHER EFFECT BOMBER JACKET_img_1.jpg']","XS, S, M, L",4
55,JACKETS,OVERSIZE QUILTED BOMBER JACKET,Loose-fitting bomber jacket with a round neck and long sleeves. Front flap pockets with snap buttons. Matching ribbed trims. Front zip and snap-button fastening.,83.49,gray,"['C:\\DatasetLicenta\\women_images\\OVERSIZE QUILTED BOMBER JACKET_img_0.jpg', 'C:\\DatasetLicenta\\women_images\\OVERSIZE QUILTED BOMBER JACKET_img_1.jpg']","XS, S, M, L",4
56,SHIRTS_BLOUSE,BLOUSE WITH JABOT FRILLS AND PEARL BEAD BUTTONS,Collared blouse featuring long sleeves with slit cuffs. Jabot frills on the front. Button-up front hidden by a button placket and pearl bead appliquÃ©s on the collar and cuffs.,32.89,white,"['C:\\DatasetLicenta\\women_images\\BLOUSE WITH JABOT FRILLS AND PEARL BEAD BUTTONS_img_0.jpg', 'C:\\DatasetLicenta\\women_images\\BLOUSE WITH JABOT FRILLS AND PEARL BEAD BUTTONS_img_1.jpg']","XS, S, M, L",5
57,SHIRTS_BLOUSE,OXFORD SHIRT,"Shirt with a johnny collar, long sleeves and a button-up front.",28.49,blue,"['C:\\DatasetLicenta\\women_images\\OXFORD SHIRT_img_0.jpg', 'C:\\DatasetLicenta\\women_images\\OXFORD SHIRT_img_1.jpg']","XS, S, M, L",5
58,SHIRTS_BLOUSE,SEMI-SHEER RHINESTONE SHIRT,Semi-sheer collared shirt with long cuffed sleeves and front fastening with rhinestone buttons.,36.19,white,"['C:\\DatasetLicenta\\women_images\\SEMI-SHEER RHINESTONE SHIRT_img_0.jpg', 'C:\\DatasetLicenta\\women_images\\SEMI-SHEER RHINESTONE SHIRT_img_1.jpg']","XS, S, M, L",5
59,SHIRTS_BLOUSE,PRINTED TOP WITH GATHERED DETAIL,Top with a surplice neck featuring long sleeves with cuffs and an elasticated hem.,32.89,purple,"['C:\\DatasetLicenta\\women_images\\PRINTED TOP WITH GATHERED DETAIL_img_0.jpg', 'C:\\DatasetLicenta\\women_images\\PRINTED TOP WITH GATHERED DETAIL_img_1.jpg']","XS, S, M, L",5
60,SHIRTS_BLOUSE,CONTRAST SHIRT,Collared shirt with long cuffed sleeves. Contrast fabric detail on the collar and cuffs. Front fastening with metal buttons.,32.89,white,"['C:\\DatasetLicenta\\women_images\\CONTRAST SHIRT_img_0.jpg', 'C:\\DatasetLicenta\\women_images\\CONTRAST SHIRT_img_1.jpg']","XS, S, M, L",5
61,SHIRTS_BLOUSE,ASYMMETRIC TUNIC BLOUSE,"Blouse made of a viscose blend. Featuring a V-neckline, short sleeves and an adjustable drawstring waist in the same fabric.",54.89,brown,"['C:\\DatasetLicenta\\women_images\\ASYMMETRIC TUNIC BLOUSE_img_0.jpg', 'C:\\DatasetLicenta\\women_images\\ASYMMETRIC TUNIC BLOUSE_img_1.jpg']","XS, S, M, L",5
62,SHIRTS_BLOUSE,CROPPED LINEN BLEND SHIRT,Shirt made of a linen blend fabric. Johnny collar and turn-up short sleeves. Front patch pockets. Button-up front.,25.19,white,"['C:\\DatasetLicenta\\women_images\\CROPPED LINEN BLEND SHIRT_img_0.jpg', 'C:\\DatasetLicenta\\women_images\\CROPPED LINEN BLEND SHIRT_img_1.jpg']","XS, S, M, L",5
63,SHIRTS_BLOUSE,POPLIN SHIRT WITH LACE TRIMS,Shirt with a high neck and long sleeves. Matching lace trim details. Button-up front.,36.19,white,"['C:\\DatasetLicenta\\women_images\\POPLIN SHIRT WITH LACE TRIMS_img_0.jpg', 'C:\\DatasetLicenta\\women_images\\POPLIN SHIRT WITH LACE TRIMS_img_1.jpg']","XS, S, M, L",5
64,SHIRTS_BLOUSE,Z1975 DENIM OVERSHIRT WITH PATCH POCKETS,Collared overshirt with long sleeves. Front patch pockets. Side vents at the hem. Front metal button fastening.,54.89,light blue,"['C:\\DatasetLicenta\\women_images\\Z1975 DENIM OVERSHIRT WITH PATCH POCKETS_img_0.jpg', 'C:\\DatasetLicenta\\women_images\\Z1975 DENIM OVERSHIRT WITH PATCH POCKETS_img_1.jpg']","XS, S, M, L",5
65,SHIRTS_BLOUSE,LINEN BLOUSE,"Linen blouse with a V-neckline, long sleeves and an asymmetric hem.",54.89,gray,"['C:\\DatasetLicenta\\women_images\\LINEN BLOUSE_img_0.jpg', 'C:\\DatasetLicenta\\women_images\\LINEN BLOUSE_img_1.jpg']","XS, S, M, L",5
66,SHIRTS_BLOUSE,POPLIN SHIRT,Collared V-neck shirt with long sleeves and a button-up front.,25.19,white,"['C:\\DatasetLicenta\\women_images\\POPLIN SHIRT_img_0.jpg', 'C:\\DatasetLicenta\\women_images\\POPLIN SHIRT_img_1.jpg']","XS, S, M, L",5
67,SHIRTS_BLOUSE,RHINESTONE POPLIN SHIRT,"Collared shirt made of cotton. Featuring long sleeves with cuffs, rhinestone appliquÃ©s and a button-up front.",43.89,light blue,"['C:\\DatasetLicenta\\women_images\\RHINESTONE POPLIN SHIRT_img_0.jpg', 'C:\\DatasetLicenta\\women_images\\RHINESTONE POPLIN SHIRT_img_1.jpg']","XS, S, M, L",5
68,SHIRTS_BLOUSE,PRINTED SATIN SHIRT,High neck shirt with tie detail. Long cuffed sleeves. Button-up front.,36.19,pink,"['C:\\DatasetLicenta\\women_images\\PRINTED SATIN SHIRT_img_0.jpg', 'C:\\DatasetLicenta\\women_images\\PRINTED SATIN SHIRT_img_1.jpg']","XS, S, M, L",5
69,SHIRTS_BLOUSE,PRINTED KIMONO SHIRT,V-neck kimono shirt with full sleeves falling below the elbow. Front fastening with covered buttons in matching fabric.,36.19,pink,"['C:\\DatasetLicenta\\women_images\\PRINTED KIMONO SHIRT_img_0.jpg', 'C:\\DatasetLicenta\\women_images\\PRINTED KIMONO SHIRT_img_1.jpg']","XS, S, M, L",5
70,SHOES,PLATFORM WEDGE SANDALS,"Sandals with a platform wedge heel. Wide strap on the front.Heel height of 11 cm. / 4.3â€³AIRFITÂ®. Flexible technical latex foam insole, designed to offer greater comfort.View more",65.89,black,"['C:\\DatasetLicenta\\women_images\\PLATFORM WEDGE SANDALS_img_0.jpg', 'C:\\DatasetLicenta\\women_images\\PLATFORM WEDGE SANDALS_img_1.jpg']","36, 37, 38, 39, 40",6
71,SHOES,KITTEN HEEL ANKLE BOOTS,Kitten heeled ankle boots. Stretch material. Pointed toe. Heel height of 5 cm. / 1.9â€³,36.19,black,"['C:\\DatasetLicenta\\women_images\\KITTEN HEEL ANKLE BOOTS_img_0.jpg', 'C:\\DatasetLicenta\\women_images\\KITTEN HEEL ANKLE BOOTS_img_1.jpg']","36, 37, 38, 39, 40",6
72,SHOES,LEATHER COWBOY ANKLE BOOTS,Leather cowboy-style ankle boots. Block heel. Side pull tabs. Pointed toe. Heel height of 5 cm. / 1.9â€³,98.89,black,"['C:\\DatasetLicenta\\women_images\\LEATHER COWBOY ANKLE BOOTS_img_0.jpg', 'C:\\DatasetLicenta\\women_images\\LEATHER COWBOY ANKLE BOOTS_img_1.jpg']","36, 37, 38, 39, 40",6
73,SHOES,FABRIC HIGH-HEEL ANKLE BOOTS,High-heel stretchy fabric ankle boots. Pointed toe.Heel height: 7.5 cm. / 2.9â€³,36.19,black,"['C:\\DatasetLicenta\\women_images\\FABRIC HIGH-HEEL ANKLE BOOTS_img_0.jpg', 'C:\\DatasetLicenta\\women_images\\FABRIC HIGH-HEEL ANKLE BOOTS_img_1.jpg']","36, 37, 38, 39, 40",6
74,SHOES,RUNNING TRAINERS,Running trainers. Chunky sole. Back pull tab. Lace-up fastening. Sole height: 5 cm. / 1.9â€³,36.19,white,"['C:\\DatasetLicenta\\women_images\\RUNNING TRAINERS_img_0.jpg', 'C:\\DatasetLicenta\\women_images\\RUNNING TRAINERS_img_1.jpg']","36, 37, 38, 39, 40",6
75,SHOES,RUNNING TRAINERS,Running trainers. Chunky sole. Lace-up fastening. Sole height: 5 cm. / 1.9â€³,36.19,white,"['C:\\DatasetLicenta\\women_images\\RUNNING TRAINERS_img_0.jpg', 'C:\\DatasetLicenta\\women_images\\RUNNING TRAINERS_img_1.jpg']","36, 37, 38, 39, 40",6
76,SHOES,SPLIT SUEDE LOAFERS WITH BUCKLE,"Split suede flat loafers. Metallic buckle detail on the front.Sole height: 1 cm. / 0.3â€³AIRFITÂ®. Flexible technical latex foam insole, designed to offer greater comfort.View more",54.89,brown,"['C:\\DatasetLicenta\\women_images\\SPLIT SUEDE LOAFERS WITH BUCKLE_img_0.jpg', 'C:\\DatasetLicenta\\women_images\\SPLIT SUEDE LOAFERS WITH BUCKLE_img_1.jpg']","36, 37, 38, 39, 40",6
77,SHOES,TECHNICAL RUNNING TRAINERS,Running trainers. Adjustable elastic drawstring. Pull tab at the back.Sole height: 4.5 cm. / 1.7â€³,76.89,brown,"['C:\\DatasetLicenta\\women_images\\TECHNICAL RUNNING TRAINERS_img_0.jpg', 'C:\\DatasetLicenta\\women_images\\TECHNICAL RUNNING TRAINERS_img_1.jpg']","36, 37, 38, 39, 40",6
78,SHOES,SATIN SANDALS WITH RHINESTONES,Satin high-heel sandals. Thin straps with rhinestones. Round toe. Heel height of 8 cm. / 3.1â€³,54.89,pink,"['C:\\DatasetLicenta\\women_images\\SATIN SANDALS WITH RHINESTONES_img_0.jpg', 'C:\\DatasetLicenta\\women_images\\SATIN SANDALS WITH RHINESTONES_img_1.jpg']","36, 37, 38, 39, 40",6
79,SHOES,KITTEN HEEL SLINGBACK SHOES,"Kitten heel slingback shoes. Buckled strap around the back. Pointed toe. Heel height of 3 cm. / 1.1â€³ AIRFITÂ®. Flexible technical latex foam insole, designed to offer greater comfort.View more",31.79,cr�me,"['C:\\DatasetLicenta\\women_images\\KITTEN HEEL SLINGBACK SHOES_img_0.jpg', 'C:\\DatasetLicenta\\women_images\\KITTEN HEEL SLINGBACK SHOES_img_1.jpg']","36, 37, 38, 39, 40",6
80,SHOES,EMBELLISHED LEATHER SLINGBACK SHOES,Leather heeled slingback shoes. Embellished detail on the front. Strap around the back. Block heel.Heel height of 6 cm. / 2.3â€³,76.89,green,"['C:\\DatasetLicenta\\women_images\\EMBELLISHED LEATHER SLINGBACK SHOES_img_0.jpg', 'C:\\DatasetLicenta\\women_images\\EMBELLISHED LEATHER SLINGBACK SHOES_img_1.jpg']","36, 37, 38, 39, 40",6
81,SHOES,EMBELLISHED BLOCK HEEL SLINGBACK SHOES,"Block heel slingback court shoes. Embellished with metal on the front. Square toe. Adjustable buckle fastening on the back strap. Heel height of 8 cm. / 3.1â€³ AIRFITÂ®. Flexible technical latex foam insole, designed to offer greater comfort.View more",54.89,gold,['C:\\DatasetLicenta\\women_images\\EMBELLISHED BLOCK HEEL SLINGBACK SHOES_img_1.jpg'],"36, 37, 38, 39, 40",6
82,SHOES,FABRIC HIGH-HEEL SANDALS,"Fabric high-heel sandals. Wide strap on the front and thin strap on the instep. Square toe. Heel height: 9.5 cm. / 3.7â€³ AIRFITÂ®. Flexible technical latex foam insole, designed to offer greater comfort.View more",36.19,pink,"['C:\\DatasetLicenta\\women_images\\FABRIC HIGH-HEEL SANDALS_img_0.jpg', 'C:\\DatasetLicenta\\women_images\\FABRIC HIGH-HEEL SANDALS_img_1.jpg']","36, 37, 38, 39, 40",6
83,SWEATERS,KNIT SWEATER WITH ZIP,"Sweater made of a viscose blend. Featuring a high neck with metal zip, long sleeves and matching ribbed trims.",36.19,black,"['C:\\DatasetLicenta\\women_images\\KNIT SWEATER WITH ZIP_img_0.jpg', 'C:\\DatasetLicenta\\women_images\\KNIT SWEATER WITH ZIP_img_1.jpg']","XS, S, M, L",7
84,SWEATERS,OPEN KNIT CAPE,Cape in a textured open knit fabric with an asymmetric neck and sleeve.,36.19,cr�me,"['C:\\DatasetLicenta\\women_images\\OPEN KNIT CAPE_img_0.jpg', 'C:\\DatasetLicenta\\women_images\\OPEN KNIT CAPE_img_1.jpg']","XS, S, M, L",7
85,SWEATERS,CROPPED KNIT SWEATER,Cropped sweater with a round neck and long sleeves. Matching ribbed trims.,32.89,gray,"['C:\\DatasetLicenta\\women_images\\CROPPED KNIT SWEATER_img_0.jpg', 'C:\\DatasetLicenta\\women_images\\CROPPED KNIT SWEATER_img_1.jpg']","XS, S, M, L",7
86,SWEATERS,RIPPED CROPPED KNIT SWEATER,Cropped sweater with a round neck and long sleeves. Ripped details.,32.89,khaki,"['C:\\DatasetLicenta\\women_images\\RIPPED CROPPED KNIT SWEATER_img_0.jpg', 'C:\\DatasetLicenta\\women_images\\RIPPED CROPPED KNIT SWEATER_img_1.jpg']","XS, S, M, L",7
87,SWEATERS,OPEN KNIT POLO SWEATER,Polo sweater with a Johnny collar and long sleeves. Ribbed trims.,32.89,white,"['C:\\DatasetLicenta\\women_images\\OPEN KNIT POLO SWEATER_img_0.jpg', 'C:\\DatasetLicenta\\women_images\\OPEN KNIT POLO SWEATER_img_1.jpg']","XS, S, M, L",7
88,SWEATERS,KNIT CROPPED CARDIGAN,"Cropped cardigan with a round neck, long sleeves, matching ribbed trims and a button-up front.",32.89,cr�me,"['C:\\DatasetLicenta\\women_images\\KNIT CROPPED CARDIGAN_img_0.jpg', 'C:\\DatasetLicenta\\women_images\\KNIT CROPPED CARDIGAN_img_1.jpg']","XS, S, M, L",7
89,SWEATERS,100% WOOL KNIT POLO SWEATER,"Fitted sweater made of 100% extra soft wool. Featuring a polo collar, long sleeves and front button fastening.",54.89,gray,"['C:\\DatasetLicenta\\women_images\\100% WOOL KNIT POLO SWEATER_img_0.jpg', 'C:\\DatasetLicenta\\women_images\\100% WOOL KNIT POLO SWEATER_img_1.jpg']","XS, S, M, L",7
90,SWEATERS,BASIC HIGH NECK KNIT SWEATER,"Sweater featuring a high neck, long sleeves with decorative metal buttons and ribbed trims.",20.79,black,"['C:\\DatasetLicenta\\women_images\\BASIC HIGH NECK KNIT SWEATER_img_0.jpg', 'C:\\DatasetLicenta\\women_images\\BASIC HIGH NECK KNIT SWEATER_img_1.jpg']","XS, S, M, L",7
91,SWEATERS,METALLIC MESH KNIT TOP,Top with a round neck and long sleeves. Matching ribbed trims.,36.19,beige,"['C:\\DatasetLicenta\\women_images\\METALLIC MESH KNIT TOP_img_0.jpg', 'C:\\DatasetLicenta\\women_images\\METALLIC MESH KNIT TOP_img_1.jpg']","XS, S, M, L",7
92,T-SHIRT_TOPS,METALLIC KNIT TOP,Round neck top with short sleeves.,32.89,silver,"['C:\\DatasetLicenta\\women_images\\METALLIC KNIT TOP_img_0.jpg', 'C:\\DatasetLicenta\\women_images\\METALLIC KNIT TOP_img_1.jpg']","XS, S, M, L",8
93,SWEATERS,WOOL BLEND BOXY-FIT KNIT SWEATER,Knit sweater made of a wool blend. Round neck and long sleeves. Matching ribbed trims.,43.89,khaki,"['C:\\DatasetLicenta\\women_images\\WOOL BLEND BOXY-FIT KNIT SWEATER_img_0.jpg', 'C:\\DatasetLicenta\\women_images\\WOOL BLEND BOXY-FIT KNIT SWEATER_img_1.jpg']","XS, S, M, L",7
94,SKIRTS,KNIT MIDI SKIRT,Midi skirt made of a wool and alpaca blend. Featuring an elastic high-waist waistband and side slit at the hem.,36.19,brown,"['C:\\DatasetLicenta\\women_images\\KNIT MIDI SKIRT_img_0.jpg', 'C:\\DatasetLicenta\\women_images\\KNIT MIDI SKIRT_img_1.jpg']","XS, S, M, L",10
95,T-SHIRT_TOPS,FITTED KNIT TOP,Fitted top made of a wool and alpaca blend. Round neck and long sleeves. Matching ribbed trims.,32.89,khaki,"['C:\\DatasetLicenta\\women_images\\FITTED KNIT TOP_img_0.jpg', 'C:\\DatasetLicenta\\women_images\\FITTED KNIT TOP_img_1.jpg']","XS, S, M, L",8
96,T-SHIRT_TOPS,FITTED KNIT TOP,Sleeveless round neck top with a V-neckline and metal hook fastening at the front.,21.89,white,"['C:\\DatasetLicenta\\women_images\\FITTED KNIT TOP_img_0.jpg', 'C:\\DatasetLicenta\\women_images\\FITTED KNIT TOP_img_1.jpg']","XS, S, M, L",8
97,DRESSES_JUMPSUITS,PRINTED KNIT DRESS,Fitted midi dress with a straight-cut neckline and thin straps.,32.89,brown,"['C:\\DatasetLicenta\\women_images\\PRINTED KNIT DRESS_img_0.jpg', 'C:\\DatasetLicenta\\women_images\\PRINTED KNIT DRESS_img_1.jpg']","XS, S, M, L",8
98,SWEATERS,KNIT DRESS WITH RHINESTONE STRAPS,Knit midi dress with a V-neckline. Thin straps that cross at the back in a metal chain with rhinestone appliquÃ©s. A-line hem.,54.89,black,"['C:\\DatasetLicenta\\women_images\\KNIT DRESS WITH RHINESTONE STRAPS_img_0.jpg', 'C:\\DatasetLicenta\\women_images\\KNIT DRESS WITH RHINESTONE STRAPS_img_1.jpg']","XS, S, M, L",7
99,T-SHIRT_TOPS,FITTED KNIT TOP,Long sleeve V-neck fitted top with metal hook fastening at the front.,28.49,black,"['C:\\DatasetLicenta\\women_images\\FITTED KNIT TOP_img_0.jpg', 'C:\\DatasetLicenta\\women_images\\FITTED KNIT TOP_img_1.jpg']","XS, S, M, L",8
100,SWEATERS,POINTELLE KNIT SWEATER,Open knit sweater with a round neck and long sleeves.,32.89,beige,"['C:\\DatasetLicenta\\women_images\\POINTELLE KNIT SWEATER_img_0.jpg', 'C:\\DatasetLicenta\\women_images\\POINTELLE KNIT SWEATER_img_1.jpg']","XS, S, M, L",7
101,SWEATERS,KNIT SWEATER WITH ASYMMETRIC HEM,Round neck sweater with long sleeves. Visible seam details. Asymmetric frayed hem.,32.89,beige,"['C:\\DatasetLicenta\\women_images\\KNIT SWEATER WITH ASYMMETRIC HEM_img_0.jpg', 'C:\\DatasetLicenta\\women_images\\KNIT SWEATER WITH ASYMMETRIC HEM_img_1.jpg']","XS, S, M, L",7
102,T-SHIRT_TOPS,KNIT BUSTIER TOP,Crop top with a sweetheart neckline. Side zip-up fastening.,25.19,black,"['C:\\DatasetLicenta\\women_images\\KNIT BUSTIER TOP_img_0.jpg', 'C:\\DatasetLicenta\\women_images\\KNIT BUSTIER TOP_img_1.jpg']","XS, S, M, L",8
103,T-SHIRT_TOPS,RIBBED KNIT CROP TOP,Round neck top with wide straps.,17.49,black,"['C:\\DatasetLicenta\\women_images\\RIBBED KNIT CROP TOP_img_0.jpg', 'C:\\DatasetLicenta\\women_images\\RIBBED KNIT CROP TOP_img_1.jpg']","XS, S, M, L",8
104,T-SHIRT_TOPS,METALLIC THREAD KNIT TOP,Sleeveless top with a round neckline and metallic thread detail.,20.79,pink,"['C:\\DatasetLicenta\\women_images\\METALLIC THREAD KNIT TOP_img_0.jpg', 'C:\\DatasetLicenta\\women_images\\METALLIC THREAD KNIT TOP_img_1.jpg']","XS, S, M, L",8
105,T-SHIRT_TOPS,KNIT TOP WITH OPEN BACK,Halterneck crop top with thin tied straps at the back.,20.79,silver,"['C:\\DatasetLicenta\\women_images\\KNIT TOP WITH OPEN BACK_img_0.jpg', 'C:\\DatasetLicenta\\women_images\\KNIT TOP WITH OPEN BACK_img_1.jpg']","XS, S, M, L",8
106,SWEATERS,LINEN BLEND KNIT SWEATER,Cropped sweater made of a linen blend. Round neck and long sleeves.,36.19,beige,"['C:\\DatasetLicenta\\women_images\\LINEN BLEND KNIT SWEATER_img_0.jpg', 'C:\\DatasetLicenta\\women_images\\LINEN BLEND KNIT SWEATER_img_1.jpg']","XS, S, M, L",7
107,T-SHIRT_TOPS,SEQUINNED KNIT TOP,Sleeveless top with a round neck. Matching sequin details.,32.89,white,"['C:\\DatasetLicenta\\women_images\\SEQUINNED KNIT TOP_img_0.jpg', 'C:\\DatasetLicenta\\women_images\\SEQUINNED KNIT TOP_img_1.jpg']","XS, S, M, L",8
108,SWEATERS,CROPPED KNIT SWEATER,Cropped sweater with a round neck and long sleeves.,32.89,dark blue,"['C:\\DatasetLicenta\\women_images\\CROPPED KNIT SWEATER_img_0.jpg', 'C:\\DatasetLicenta\\women_images\\CROPPED KNIT SWEATER_img_1.jpg']","XS, S, M, L",7
109,SWEATERS,METALLIC THREAD KNIT TOP WITH FRINGING,Sleeveless top with a round neck. Metallic thread detail. Fringing at the hem.,21.89,black,"['C:\\DatasetLicenta\\women_images\\METALLIC THREAD KNIT TOP WITH FRINGING_img_0.jpg', 'C:\\DatasetLicenta\\women_images\\METALLIC THREAD KNIT TOP WITH FRINGING_img_1.jpg']","XS, S, M, L",7
110,T-SHIRT_TOPS,KNIT CROSSOVER HALTER TOP,Crossover halterneck top with wide straps.,21.89,black,"['C:\\DatasetLicenta\\women_images\\KNIT CROSSOVER HALTER TOP_img_0.jpg', 'C:\\DatasetLicenta\\women_images\\KNIT CROSSOVER HALTER TOP_img_1.jpg']","XS, S, M, L",8
111,T-SHIRT_TOPS,METALLIC MESH KNIT TOP,Sleeveless round neck top.,25.19,brown,"['C:\\DatasetLicenta\\women_images\\METALLIC MESH KNIT TOP_img_0.jpg', 'C:\\DatasetLicenta\\women_images\\METALLIC MESH KNIT TOP_img_1.jpg']","XS, S, M, L",8
112,T-SHIRT_TOPS,METALLIC THREAD KNIT TOP,Sleeveless round neck top.This garment is not lined.,20.79,silver,"['C:\\DatasetLicenta\\women_images\\METALLIC THREAD KNIT TOP_img_0.jpg', 'C:\\DatasetLicenta\\women_images\\METALLIC THREAD KNIT TOP_img_1.jpg']","XS, S, M, L",8
113,SKIRTS,KNIT SEMI-SHEER STRAIGHT SKIRT,High-waist skirt with an elastic waistband.This garment is not lined.,32.89,white,"['C:\\DatasetLicenta\\women_images\\KNIT SEMI-SHEER STRAIGHT SKIRT_img_0.jpg', 'C:\\DatasetLicenta\\women_images\\KNIT SEMI-SHEER STRAIGHT SKIRT_img_1.jpg']","XS, S, M, L",10
114,SKIRTS,POINTELLE KNIT MINI SKIRT,High-waist skirt featuring an adjustable elasticated waistband with drawstrings. Ruffled hem.,28.49,black,"['C:\\DatasetLicenta\\women_images\\POINTELLE KNIT MINI SKIRT_img_0.jpg', 'C:\\DatasetLicenta\\women_images\\POINTELLE KNIT MINI SKIRT_img_1.jpg']","XS, S, M, L",10
115,T-SHIRT_TOPS,OVERSIZE KNIT T-SHIRT,V-neck shirt with short sleeves.,21.89,brown,"['C:\\DatasetLicenta\\women_images\\OVERSIZE KNIT T-SHIRT_img_0.jpg', 'C:\\DatasetLicenta\\women_images\\OVERSIZE KNIT T-SHIRT_img_1.jpg']","XS, S, M, L",8
116,T-SHIRT_TOPS,CUT-OUT KNIT TOP,Sleeveless round neck crop top with cut-out detail on the sides and rhinestone appliquÃ©.,25.19,white,"['C:\\DatasetLicenta\\women_images\\CUT-OUT KNIT TOP_img_0.jpg', 'C:\\DatasetLicenta\\women_images\\CUT-OUT KNIT TOP_img_1.jpg']","XS, S, M, L",8
117,SKIRTS,KNOTTED KNIT SKIRT WITH METALLIC THREAD,Midi skirt with a front knot. Front slit at the hem. Metallic thread detail.,32.89,brown,"['C:\\DatasetLicenta\\women_images\\KNOTTED KNIT SKIRT WITH METALLIC THREAD_img_0.jpg', 'C:\\DatasetLicenta\\women_images\\KNOTTED KNIT SKIRT WITH METALLIC THREAD_img_1.jpg']","XS, S, M, L",10
118,SKIRTS,KNIT CUT-OUT SKIRT,"High-waist midi skirt featuring an elasticated waistband with side cut-out detail, rhinestone appliquÃ© and a side slit at the hem.",31.79,white,"['C:\\DatasetLicenta\\women_images\\KNIT CUT-OUT SKIRT_img_0.jpg', 'C:\\DatasetLicenta\\women_images\\KNIT CUT-OUT SKIRT_img_1.jpg']","XS, S, M, L",10
119,SKIRTS,KNIT CROCHET MINI SKIRT,High-waist short skirt.,25.19,black,"['C:\\DatasetLicenta\\women_images\\KNIT CROCHET MINI SKIRT_img_0.jpg', 'C:\\DatasetLicenta\\women_images\\KNIT CROCHET MINI SKIRT_img_1.jpg']","XS, S, M, L",10
120,SKIRTS,TIE-DYE KNIT MIDI SKIRT,High-waist pencil skirt with an elastic waistband.,25.19,orange,"['C:\\DatasetLicenta\\women_images\\TIE-DYE KNIT MIDI SKIRT_img_0.jpg', 'C:\\DatasetLicenta\\women_images\\TIE-DYE KNIT MIDI SKIRT_img_1.jpg']","XS, S, M, L",10
121,T-SHIRT_TOPS,METALLIC THREAD KNIT CROP TOP,Top with a round neck and long sleeves. Cutwork and metallic thread detail.,28.49,yellow,"['C:\\DatasetLicenta\\women_images\\METALLIC THREAD KNIT CROP TOP_img_0.jpg', 'C:\\DatasetLicenta\\women_images\\METALLIC THREAD KNIT CROP TOP_img_1.jpg']","XS, S, M, L",8
122,T-SHIRT_TOPS,CONTRAST TOP,Crop top with a straight neckline with a drawstring. Short sleeves and wide straps with exposed shoulders. Ruffled trims and matching embroidery.,28.49,cr�me,"['C:\\DatasetLicenta\\women_images\\CONTRAST TOP_img_0.jpg', 'C:\\DatasetLicenta\\women_images\\CONTRAST TOP_img_1.jpg']","XS, S, M, L",8
123,T-SHIRT_TOPS,CONTRAST TOP,Crop top with a straight neckline with a drawstring. Short sleeves and wide straps with exposed shoulders. Ruffled trims and matching embroidery.,28.49,cr�me,"['C:\\DatasetLicenta\\women_images\\CONTRAST TOP_img_0.jpg', 'C:\\DatasetLicenta\\women_images\\CONTRAST TOP_img_1.jpg']","XS, S, M, L",8
